{
  "minecraft:recipes/redstone/tnt": {
    "criteria": {
      "has_gunpowder": "2019-09-15 01:28:36 -0600"
    },
    "done": true
  },
  "minecraft:adventure/root": {
    "criteria": {
      "killed_something": "2019-09-15 01:27:34 -0600"
    },
    "done": true
  },
  "minecraft:adventure/kill_a_mob": {
    "criteria": {
      "creeper": "2019-09-15 01:27:54 -0600"
    },
    "done": true
  },
  "minecraft:adventure/kill_all_mobs": {
    "criteria": {
      "creeper": "2019-09-15 01:27:54 -0600"
    },
    "done": false
  },
  "minecraft:adventure/adventuring_time": {
    "criteria": {
      "forest": "2019-09-15 01:26:30 -0600"
    },
    "done": false
  }
}